{"accuracy": [0.5243055820465088, 0.4861111044883728, 0.4861111044883728, 0.4965277910232544, 0.6736111044883728, 0.7326388955116272, 0.84375, 0.9201388955116272, 0.9513888955116272, 0.9548611044883728, 0.9548611044883728, 0.9826388955116272, 0.9861111044883728, 0.9965277910232544, 0.9965277910232544, 0.9965277910232544, 0.9930555820465088, 1.0, 1.0, 0.9930555820465088], "val_accuracy": [0.53125, 0.484375, 0.4375, 0.78125, 0.546875, 0.75, 0.921875, 0.953125, 0.953125, 0.96875, 0.90625, 0.984375, 1.0, 1.0, 1.0, 1.0, 0.984375, 1.0, 1.0, 1.0], "loss": [0.9104313254356384, 0.6946649551391602, 0.6879106163978577, 0.6794911623001099, 0.658379852771759, 0.5817917585372925, 0.4327787458896637, 0.24219121038913727, 0.13897797465324402, 0.10715177655220032, 0.10192064940929413, 0.07097703218460083, 0.06092853844165802, 0.03266237676143646, 0.016037672758102417, 0.021431932225823402, 0.03961879387497902, 0.005702177062630653, 0.004414441995322704, 0.013013003394007683], "val_loss": [0.6893012523651123, 0.6917243003845215, 0.687014102935791, 0.662009060382843, 0.5946212410926819, 0.46993765234947205, 0.2714904248714447, 0.17347946763038635, 0.14511239528656006, 0.11110205203294754, 0.17721357941627502, 0.04851895570755005, 0.034409359097480774, 0.015847114846110344, 0.013394544832408428, 0.015566454268991947, 0.020884724333882332, 0.007758741732686758, 0.005386200733482838, 0.005959339439868927]}